<!--This is the opening comment-->
<root>
    <Signature><![CDATA[FLV]]></Signature>
    <Version><![CDATA[1]]></Version>
    <Flag><![CDATA[data]]></Flag>
    <DataPos><![CDATA[9]]></DataPos>
    <Message time="0" type="data">
        <Method><![CDATA[onMetaData]]></Method>
        <Array>
            <Number><![CDATA[5768.880000]]></Number>
            <Number><![CDATA[0]]></Number>
            <Number><![CDATA[0]]></Number>
            <String><![CDATA[false]]></String>
            <String><![CDATA[AMS 5]]></String>
            <String><![CDATA[Mon Jan 16 10:14:07 2017]]></String>
        </Array>
    </Message>
    <Message time="0" type="data">
        <Method><![CDATA[playEvent]]></Method>
        <String><![CDATA[__start__]]></String>
    </Message>
    <Message time="0" type="data">
        <Method><![CDATA[playEvent]]></Method>
        <Object>
            <id><![CDATA[3]]></id>
            <name><![CDATA[playEvent]]></name>
            <time><![CDATA[12]]></time>
        </Object>
        <String><![CDATA[__registerSo__]]></String>
        <Array>
            <Object>
                <soEventName><![CDATA[setContentSo]]></soEventName>
                <soName><![CDATA[presenters/all/23_Content]]></soName>
                <soPersist><![CDATA[true]]></soPersist>
            </Object>
        </Array>
    </Message>
    <Message time="0" type="data">
        <Method><![CDATA[playEvent]]></Method>
        <Object>
            <id><![CDATA[4]]></id>
            <name><![CDATA[playEvent]]></name>
            <time><![CDATA[12]]></time>
        </Object>
        <String><![CDATA[setContentSo]]></String>
        <Array>
            <Object>
                <code><![CDATA[change]]></code>
                <name><![CDATA[ctID]]></name>
                <newValue><![CDATA[101]]></newValue>
                <oldValue><![CDATA[]]></oldValue>
            </Object>
            <Object>
                <code><![CDATA[change]]></code>
                <name><![CDATA[originalPodName]]></name>
                <newValue><![CDATA[Freigabe 6]]></newValue>
                <oldValue><![CDATA[]]></oldValue>
            </Object>
            <Object>
                <code><![CDATA[change]]></code>
                <name><![CDATA[sharerID]]></name>
                <newValue><![CDATA[2]]></newValue>
                <oldValue><![CDATA[]]></oldValue>
            </Object>
        </Array>
    </Message>
    <Message time="0" type="data">
        <Method><![CDATA[playEvent]]></Method>
        <Object>
            <id><![CDATA[5]]></id>
            <name><![CDATA[playEvent]]></name>
            <time><![CDATA[13]]></time>
        </Object>
        <String><![CDATA[__registerSo__]]></String>
        <Array>
            <Object>
                <soEventName><![CDATA[setPointerSo]]></soEventName>
                <soName><![CDATA[presenters/all/23_Pointer]]></soName>
                <soPersist><![CDATA[true]]></soPersist>
            </Object>
        </Array>
    </Message>
    <Message time="0" type="data">
        <Method><![CDATA[playEvent]]></Method>
        <Object>
            <id><![CDATA[6]]></id>
            <name><![CDATA[playEvent]]></name>
            <time><![CDATA[14]]></time>
        </Object>
        <String><![CDATA[setPointerSo]]></String>
        <Array>
            <Object>
                <code><![CDATA[change]]></code>
                <name><![CDATA[visible]]></name>
                <newValue><![CDATA[false]]></newValue>
                <oldValue><![CDATA[]]></oldValue>
            </Object>
            <Object>
                <code><![CDATA[change]]></code>
                <name><![CDATA[x]]></name>
                <newValue><![CDATA[50]]></newValue>
                <oldValue><![CDATA[]]></oldValue>
            </Object>
            <Object>
                <code><![CDATA[change]]></code>
                <name><![CDATA[y]]></name>
                <newValue><![CDATA[50]]></newValue>
                <oldValue><![CDATA[]]></oldValue>
            </Object>
        </Array>
    </Message>
    <Message time="0" type="data">
        <Method><![CDATA[playEvent]]></Method>
        <Object>
            <id><![CDATA[7]]></id>
            <name><![CDATA[playEvent]]></name>
            <time><![CDATA[14]]></time>
        </Object>
        <String><![CDATA[__registerSo__]]></String>
        <Array>
            <Object>
                <soEventName><![CDATA[setControlsSo]]></soEventName>
                <soName><![CDATA[presenters/all/23_Controls]]></soName>
                <soPersist><![CDATA[true]]></soPersist>
            </Object>
        </Array>
    </Message>
    <Message time="0" type="data">
        <Method><![CDATA[playEvent]]></Method>
        <Object>
            <id><![CDATA[8]]></id>
            <name><![CDATA[playEvent]]></name>
            <time><![CDATA[15]]></time>
        </Object>
        <String><![CDATA[setControlsSo]]></String>
        <Array>
            <Object>
                <code><![CDATA[change]]></code>
                <name><![CDATA[fullScreen_enable]]></name>
                <newValue><![CDATA[false]]></newValue>
                <oldValue><![CDATA[]]></oldValue>
            </Object>
            <Object>
                <code><![CDATA[change]]></code>
                <name><![CDATA[fullScreen_follow]]></name>
                <newValue><![CDATA[false]]></newValue>
                <oldValue><![CDATA[]]></oldValue>
            </Object>
            <Object>
                <code><![CDATA[change]]></code>
                <name><![CDATA[wbOn]]></name>
                <newValue><![CDATA[false]]></newValue>
                <oldValue><![CDATA[]]></oldValue>
            </Object>
        </Array>
    </Message>
    <Message time="0" type="data">
        <Method><![CDATA[playEvent]]></Method>
        <Object>
            <id><![CDATA[9]]></id>
            <name><![CDATA[playEvent]]></name>
            <time><![CDATA[16]]></time>
        </Object>
        <String><![CDATA[__registerSo__]]></String>
        <Array>
            <Object>
                <soEventName><![CDATA[setCamSo]]></soEventName>
                <soName><![CDATA[presenters/all/101_Cam]]></soName>
                <soPersist><![CDATA[false]]></soPersist>
            </Object>
        </Array>
    </Message>
    <Message time="0" type="data">
        <Method><![CDATA[playEvent]]></Method>
        <Object>
            <id><![CDATA[10]]></id>
            <name><![CDATA[playEvent]]></name>
            <time><![CDATA[17]]></time>
        </Object>
        <String><![CDATA[setCamSo]]></String>
        <Array>
            <Object>
                <code><![CDATA[change]]></code>
                <name><![CDATA[bPreview]]></name>
                <newValue><![CDATA[]]></newValue>
                <oldValue><![CDATA[]]></oldValue>
            </Object>
            <Object>
                <code><![CDATA[change]]></code>
                <name><![CDATA[bScroll]]></name>
                <newValue><![CDATA[]]></newValue>
                <oldValue><![CDATA[]]></oldValue>
            </Object>
            <Object>
                <code><![CDATA[change]]></code>
                <name><![CDATA[h]]></name>
                <newValue><![CDATA[768]]></newValue>
                <oldValue><![CDATA[]]></oldValue>
            </Object>
            <Object>
                <code><![CDATA[change]]></code>
                <name><![CDATA[pubId]]></name>
                <newValue><![CDATA[2]]></newValue>
                <oldValue><![CDATA[]]></oldValue>
            </Object>
            <Object>
                <code><![CDATA[change]]></code>
                <name><![CDATA[w]]></name>
                <newValue><![CDATA[1024]]></newValue>
                <oldValue><![CDATA[]]></oldValue>
            </Object>
        </Array>
    </Message>
    <Message time="5768880" type="data">
        <Method><![CDATA[playEvent]]></Method>
        <String><![CDATA[__stop__]]></String>
    </Message>

    <!--This is a closing comment-->
</root>
